id,txn,s1,s1_days,s2,s2_days,f1,f1_Dur,f2,f2_values,f3,f4,f5,f6,gender,DOB
1,21,102,19,59,19,NULL,NULL,13,8211,5,21,38,13,female,1976-05-19
2,3,41,16,41,16,2,0,29,5299,83,27,158,20,male,1970-05-20
3,1,33,13,24,13,18,248,22,7881,276,15,72,84,female,1981-06-26
4,1,41,7,29,6,4,22,10,4833,14,3,22,1,male,1979-01-13
5,5,58,18,58,18,1,0,22,9332,61,12,15,40,male,1977-12-20
6,3,44,9,31,9,5,43,9,3252,10,7,74,55,female,1978-08-20
7,1,83,22,46,11,59,489,24,7130,0,3,6,51,female,1971-01-19
8,3,43,14,43,14,34,331,30,7734,422,31,69,76,male,1978-05-17
9,3,48,17,46,17,38,228,24,11730,102,28,91,76,male,1966-08-13
10,13,597,30,252,29,31,330,20,2209,0,35,62,5,male,1970-01-06
11,4,82,22,82,22,70,995,26,13008,0,200,104,89,female,1964-10-22
12,1,40,4,4,4,11,56,19,9627,25,16,6,30,male,1964-01-24
13,2,54,15,54,15,40,478,24,12246,562,40,50,80,male,1979-05-29
14,3,36,12,24,11,5,51,18,1976,6,0,11,31,male,1990-04-12
15,5,34,13,34,13,12,114,28,5930,58,50,3,33,male,1971-01-01
16,8,162,26,150,26,123,511,21,9799,10,69,52,172,male,1976-10-21
17,4,100,18,81,16,24,130,29,8821,43,33,55,45,female,1974-09-17
18,1,63,22,52,18,107,1796,22,7621,0,19,6,5,female,1973-02-02
19,1,40,3,27,3,4,1,11,2267,88,1,45,14,male,1991-06-06
20,5,45,15,40,15,5,1,22,20230,104,8,279,71,male,1970-10-28
21,6,65,15,61,15,25,8,3,2488,18,4,9,52,male,1986-11-20
22,5,257,24,232,24,25,89,21,4905,11,19,28,60,male,1991-09-04
23,3,323,30,126,24,1,0,11,3889,13,8,9,15,male,1986-02-07
24,1,75,18,74,18,59,866,29,9773,22,18,76,69,male,1985-05-16
25,3,81,26,81,26,5,62,30,11271,131,59,130,175,male,1958-10-05
26,13,385,27,361,27,80,322,24,9481,81,0,45,143,male,1980-07-25
27,2,41,20,41,20,11,171,21,5461,85,39,1,77,male,1980-05-05
28,6,102,25,102,25,39,413,26,8424,138,43,103,84,female,1977-09-09
29,3,49,9,25,9,2,0,24,4671,0,1,1,3,female,1977-08-15
30,14,76,11,60,11,9,42,12,1167,0,2,38,0,male,1976-10-26
31,6,142,26,142,26,8,31,25,7775,44,31,94,178,female,1983-12-24
32,7,90,24,90,24,NULL,NULL,22,6566,105,12,5,36,male,1974-01-28
33,3,30,11,30,11,21,95,22,4918,141,44,25,37,male,1971-06-09
34,5,164,30,164,30,59,96,6,3978,44,2,6,3,male,1977-03-28
35,1,35,15,35,15,NULL,NULL,27,7551,287,0,48,137,male,1971-07-01
36,7,174,18,174,18,132,495,12,782,0,14,25,0,male,1983-06-20
37,5,95,27,92,26,88,909,25,10817,91,48,62,90,male,1971-06-28
38,4,109,25,93,25,1,2,,,0,1,1,0,male,1979-10-25
39,3,244,28,179,28,4,9,24,5573,17,30,17,196,male,1985-11-22
40,5,111,18,111,18,70,1384,25,8270,156,42,63,33,male,1977-07-03
41,10,89,25,89,25,4,35,29,9924,141,11,1,74,male,1980-10-29
42,1,64,4,64,4,3,0,15,7700,167,0,96,231,male,1971-05-02
43,3,38,8,38,8,16,207,23,6264,9,15,53,20,male,1977-06-10
44,6,138,22,94,19,17,67,30,13367,69,14,44,90,male,1973-11-18
45,1,52,11,52,11,79,889,27,6729,123,52,66,251,male,1948-01-23
46,4,82,20,51,20,40,420,24,7749,28,29,165,145,male,1988-07-27
47,5,86,18,86,18,23,263,21,5607,0,24,43,11,male,1989-03-30
48,2,62,11,46,11,1,0,30,13429,93,0,106,179,female,1965-08-09
49,1,49,18,47,18,35,500,23,8524,142,36,60,47,male,1993-10-04
50,3,75,16,75,16,1,60,23,6567,21,36,36,22,male,1982-11-01
51,4,83,22,81,22,62,641,29,11291,92,74,61,59,male,1970-12-18
52,10,84,20,84,20,30,94,23,11823,125,15,1,105,male,1980-07-01
53,3,67,22,23,12,36,355,16,5187,4,19,18,2,male,1986-08-29
54,17,203,26,203,26,4,5,21,11322,43,7,5,45,male,1978-02-25
55,4,58,15,44,14,15,177,15,3617,11,0,4,39,male,1965-02-02
56,1,43,14,42,14,6,141,23,12430,3,6,6,136,female,1971-10-24
57,2,28,17,28,17,1,55,25,9983,40,0,4,94,male,1979-03-21
58,4,87,12,69,10,34,135,9,3588,38,4,33,16,female,1988-05-01
59,1,106,20,98,20,3,2,26,10969,0,3,1,20,male,1975-01-15
60,9,113,27,113,27,NULL,NULL,30,9933,56,0,39,228,female,1969-08-17
61,4,73,22,73,22,12,30,25,12483,98,19,1,72,male,1971-05-24
62,1,44,11,44,11,NULL,NULL,9,2968,7,2,6,5,male,1985-06-11
63,4,54,17,54,17,NULL,NULL,24,7546,129,24,40,83,male,1965-09-02
64,3,216,23,211,23,52,612,26,11827,56,59,67,58,male,1959-01-18
65,6,356,30,168,26,23,226,22,3868,61,5,3,25,male,1975-11-04
66,1,29,8,26,8,60,353,9,2882,9,16,1,20,male,1991-05-01
67,1,35,7,35,7,NULL,NULL,18,12091,0,1,36,29,female,1965-07-30
68,4,89,26,89,26,3,8,26,8913,80,27,1,71,male,1973-11-24
69,3,187,23,151,23,11,25,30,10608,88,0,112,112,male,1987-07-02
70,1,42,15,42,15,14,95,10,5800,0,11,12,41,female,1993-09-11
71,7,158,25,136,25,4,1,24,22479,141,4,81,83,male,1956-04-17
72,6,142,29,114,28,1,1,30,13682,81,1,27,110,male,1985-05-17
73,1,30,11,23,11,63,529,7,4357,22,16,17,11,female,1977-10-25
74,1,55,18,40,18,35,353,28,10366,435,52,102,270,male,1995-06-15
75,5,36,20,36,20,36,504,30,14335,96,41,61,88,male,1971-04-06
76,4,38,11,38,11,80,651,27,8122,74,48,11,122,male,1976-05-10
77,1,142,27,142,27,7,14,30,15227,382,5,242,88,male,1954-01-12
78,1,27,4,23,4,NULL,NULL,30,3277,447,0,121,57,female,1979-12-24
79,6,45,20,45,20,93,933,21,9193,60,36,92,49,male,1980-01-14
80,8,76,22,76,22,2,15,6,6673,0,3,2,8,female,1983-12-01
81,20,244,30,244,30,56,424,25,10587,81,53,111,194,male,1951-10-10
82,1,30,9,30,9,48,803,30,16371,136,123,186,236,male,1963-04-06
83,13,66,19,66,19,NULL,NULL,21,10685,61,19,159,189,male,1976-02-23
84,1,153,12,105,10,3,3,4,4526,8,3,3,6,male,1992-02-26
85,5,86,23,86,23,13,132,23,6936,19,2,3,22,male,1977-08-06
86,5,47,20,47,20,1,11,,,2,0,3,12,male,1988-12-29
87,5,148,16,109,16,2,1,,,132,0,2,12,male,1996-10-07
88,3,69,6,63,6,5,35,5,6929,9,8,8,32,male,1976-08-04
89,8,81,28,81,28,47,879,29,10882,207,156,188,89,male,1954-09-22
90,2,62,16,11,7,1,0,17,5075,0,5,52,3,male,1988-11-23
91,3,110,21,89,21,44,241,29,4190,55,33,39,94,male,1979-03-22
92,2,71,22,71,22,4,14,29,9528,78,0,96,177,male,1974-07-01
93,8,209,24,209,24,22,52,9,7555,54,11,43,27,male,1987-05-29
94,17,290,29,273,29,36,261,25,1130,76,10,150,69,female,1972-06-29
95,3,148,27,148,27,4,60,27,9836,51,27,3,30,male,1979-11-02
96,3,97,25,97,25,NULL,NULL,30,3566,209,0,83,29,male,1952-07-10
97,4,122,25,48,17,43,663,26,6188,65,1,1,66,male,1983-09-14
98,4,334,27,320,27,7,21,16,6145,17,8,19,15,male,1989-04-25
99,16,209,25,209,25,1,0,,,558,64,37,70,male,1977-06-16
100,11,465,30,465,30,22,213,30,5744,7,3,7,28,male,1960-09-08
101,3,61,23,61,23,34,121,21,11406,280,29,8,176,male,1974-10-07
102,2,47,9,47,9,NULL,NULL,17,3739,139,1,253,53,female,1979-08-23
103,3,165,29,46,21,1,2,26,7988,70,4,17,50,male,1992-07-12
104,6,80,22,60,22,24,60,16,6189,12,15,22,3,male,1982-03-18
105,6,218,27,207,27,18,12,11,13776,14,1,33,25,male,1978-07-28
106,2,55,13,55,13,5,7,25,5715,0,1,1,0,male,1990-01-30
107,4,70,17,70,17,5,50,19,8788,57,12,11,39,male,1986-08-25
108,2,229,28,159,24,2,23,30,5676,42,7,24,38,male,1983-04-05
109,1,85,13,85,13,4,2,13,8178,48,6,7,18,female,1992-02-01
110,3,102,13,80,13,20,72,15,3662,18,6,1,16,male,1990-12-19
111,2,32,8,21,8,41,166,23,12545,123,16,50,123,male,1973-08-10
112,5,50,14,50,14,12,123,16,8788,4,1,1,34,male,1968-07-04
113,1,79,27,16,9,59,441,30,6831,28,55,102,40,male,1978-05-29
114,6,108,28,99,28,12,152,16,7484,0,27,130,28,male,1992-10-13
115,1,31,18,28,18,1,0,,,0,9,36,0,female,1978-01-22
116,1,93,9,81,9,NULL,NULL,18,9192,21,2,3,32,male,1985-12-12
117,2,223,24,223,24,18,73,28,15084,65,28,38,58,male,1984-07-21
118,8,76,20,76,20,42,155,26,11757,65,5,38,115,male,1973-05-01
119,1,124,18,124,18,58,514,27,22517,74,116,61,113,male,1953-03-01
120,4,58,12,58,12,NULL,NULL,29,14037,82,46,3,76,male,1975-06-03
121,6,360,30,222,27,48,291,26,12801,0,22,34,21,male,1985-10-12
122,2,40,16,40,16,6,3,10,12688,12,5,18,22,male,1979-01-15
123,3,137,22,137,22,20,465,24,9273,26,2,2,62,male,1981-01-01
124,3,35,14,35,14,45,478,25,9026,104,35,99,172,female,1967-02-28
125,7,168,28,168,28,70,307,29,15318,117,56,70,87,male,1982-01-01
126,1,52,27,13,8,3,0,28,13709,640,89,122,91,male,1980-02-05
127,5,43,16,43,16,5,25,18,20358,439,7,2,93,female,1976-04-09
128,1,26,9,26,9,58,424,30,11925,9,43,61,26,male,1965-04-27
129,14,134,24,57,20,NULL,NULL,,,56,26,74,7,male,1959-09-15
130,5,168,9,154,9,24,262,7,4906,50,16,23,9,male,1987-11-16
131,1,38,10,15,9,1,0,26,5150,46,0,136,74,female,1960-08-26
132,4,68,23,68,23,156,2173,28,17893,411,113,122,84,male,1976-12-30
133,6,47,19,45,18,14,143,10,2638,7,8,42,11,male,1988-12-14
134,7,340,29,322,29,60,536,23,6303,325,29,181,87,male,1991-11-24
135,2,114,19,114,19,2,29,,,4,2,3,0,male,1980-03-30
136,3,57,15,51,15,6,5,19,7093,23,0,72,52,female,1976-10-02
137,7,449,29,436,29,11,20,6,7157,72,4,12,12,male,1975-11-18
138,4,190,30,58,19,44,191,22,11453,7,4,1,83,male,1979-01-02
139,2,65,17,54,15,123,1398,25,11731,202,48,157,274,female,1988-03-24
140,4,144,28,82,21,115,1130,27,7853,59,60,53,94,male,1967-12-22
141,4,71,16,71,16,74,852,23,8874,119,52,140,85,female,1974-03-15
142,1,83,16,66,16,3,39,16,2429,0,1,1,0,male,1998-01-25
143,3,69,21,62,21,51,491,26,6631,121,43,65,86,male,1994-08-13
144,1,59,20,45,20,12,67,26,4329,12,0,8,124,male,1978-05-19
145,7,95,25,87,25,NULL,NULL,,,1,0,1,0,male,1986-11-08
146,1,50,18,48,18,38,662,25,20189,174,107,78,141,male,1977-07-21
147,1,30,12,15,9,NULL,NULL,25,18467,121,155,152,78,male,1961-06-14
148,4,97,21,92,21,12,298,25,7149,338,25,108,47,male,1965-01-14
149,1,34,6,5,5,9,23,1,19,1,0,36,0,female,1992-03-19
150,1,29,10,20,9,2,5,22,9765,122,0,8,233,female,1999-04-07
151,4,55,16,55,16,39,758,30,16451,95,104,30,89,male,1963-06-05
152,2,43,16,43,16,NULL,NULL,16,3459,71,1,68,105,male,1979-05-22
153,5,87,14,63,14,4,48,18,7617,9,3,4,27,male,1980-03-02
154,1,47,9,40,9,6,62,16,1707,33,0,35,12,female,1989-10-15
155,7,209,28,187,28,120,504,,,23,7,3,5,male,1978-04-15
156,11,832,29,832,29,28,272,22,3570,95,6,44,121,male,1988-10-09
157,1,44,16,41,16,83,50,23,8766,66,5,43,154,male,1984-09-25
158,1,188,25,185,25,80,336,21,8215,161,22,84,154,male,1975-12-21
159,1,39,22,39,22,80,642,29,5425,163,48,63,71,female,1985-05-31
160,2,32,15,30,15,22,116,24,11539,3,5,11,32,male,1986-10-18
161,5,33,15,33,15,5,26,26,7488,35,32,150,82,male,1963-08-12
162,6,60,17,60,17,3,60,10,7753,78,0,4,181,male,1979-09-11
163,1,130,24,63,15,45,389,27,24780,0,183,351,32,male,1966-06-09
164,2,207,29,190,29,46,598,25,6969,0,22,72,25,male,1975-12-21
165,11,79,13,79,13,NULL,NULL,26,6227,9,3,24,5,male,1969-01-04
166,9,329,30,323,30,28,120,22,8487,0,36,34,75,male,1967-05-30
167,1,96,22,96,22,118,1349,27,17910,508,106,62,96,male,1977-07-30
168,1,86,17,86,17,52,351,29,6965,90,56,155,160,male,1965-04-01
169,2,56,19,56,19,2,34,26,7036,188,47,59,76,male,1971-03-16
170,7,202,22,111,22,1,0,30,15511,141,91,1,120,male,1956-03-18
171,7,214,21,195,21,2,0,19,5956,127,2,1,28,male,2006-01-09
172,1,48,10,44,10,74,915,29,9893,464,39,149,88,male,1988-10-20
173,3,47,8,43,7,43,614,29,9997,90,57,59,72,male,1965-11-12
174,1,65,10,45,10,1,0,,,1,1,2,2,male,2000-07-09
175,12,74,23,74,23,3,26,23,10938,136,1,9,213,male,1982-06-01
176,1,27,7,12,4,8,92,,,0,4,20,0,female,1980-05-06
177,2,64,14,64,14,12,37,11,5065,12,12,8,9,male,1988-05-17
178,6,78,13,78,13,95,1344,5,3382,0,30,7,3,female,1965-10-18
179,1,34,7,21,7,25,327,28,21195,90,95,238,172,female,1974-08-11
180,1,27,11,27,11,16,198,25,10762,24,1,1,31,male,1995-09-11
181,3,162,28,134,28,4,2,,,14,0,1,4,male,1987-06-09
182,8,155,25,155,25,2,1,20,17907,75,0,81,99,male,1966-01-24
183,2,33,9,33,9,1,53,12,9529,31,20,4,69,female,1982-08-03
184,9,560,30,279,23,4,0,7,2564,51,14,26,6,male,1986-01-18
185,5,150,17,135,17,21,26,,,30,1,4,8,female,1978-04-15
186,6,164,21,164,21,40,84,,,63,4,7,73,male,1971-05-31
187,6,48,17,48,17,2,13,23,10239,109,30,8,139,male,1981-10-07
188,1,72,20,66,20,5,61,20,4187,1,0,8,8,male,1976-11-23
189,8,61,22,61,22,16,86,28,10379,77,50,84,73,male,1969-12-08
190,3,110,26,103,26,130,653,30,14785,129,53,110,148,male,1975-02-10
191,6,218,27,218,27,28,13,,,210,0,1,35,male,1987-09-17
192,3,280,26,243,26,106,310,28,16629,257,38,60,100,male,1979-07-13
193,3,101,26,95,26,1,1,24,5421,152,0,18,80,male,1962-03-27
194,2,50,19,50,19,NULL,NULL,,,0,3,2,0,male,1986-12-10
195,3,67,16,58,16,17,117,5,3976,7,2,2,12,male,1985-04-24
196,4,158,26,154,26,53,354,27,6281,73,60,59,111,male,1969-11-17
197,5,61,18,61,18,39,616,24,12429,502,32,84,122,male,1991-08-26
198,3,359,30,223,27,16,24,,,0,9,9,0,male,1976-02-10
199,14,418,28,410,28,36,404,28,7129,61,48,126,119,male,1990-06-14
200,7,145,27,145,27,36,616,25,3033,1,17,3,2,male,1981-02-05
201,12,491,29,431,29,59,473,25,20219,65,50,63,123,male,1973-05-31
202,7,301,20,301,20,5,11,27,13098,81,35,21,61,male,1982-01-07
203,3,264,30,105,25,4,21,24,7075,55,25,14,57,female,1964-03-04
204,1,58,13,58,13,13,51,12,1544,21,3,6,20,male,1982-06-02
205,4,284,26,284,26,57,340,26,3302,120,6,3,40,male,2005-11-23
206,4,60,13,60,13,1,1,24,12019,0,7,2,14,male,1973-08-06
207,6,97,21,97,21,NULL,NULL,26,14858,383,1,1,82,male,1979-10-14
208,11,295,30,128,24,NULL,NULL,21,1669,2,10,13,2,female,1968-01-15
209,1,74,17,72,17,8,8,26,3414,92,31,78,29,female,1986-02-13
210,1,80,17,80,17,NULL,NULL,25,15504,0,2,2,31,male,1978-03-27
211,2,55,17,55,17,NULL,NULL,,,20,0,11,10,male,1951-08-05
212,12,134,23,134,23,115,1404,22,12968,91,120,120,78,male,1970-11-07
213,6,169,23,158,23,10,10,20,4809,33,4,21,16,male,1985-09-08
214,1,72,17,69,17,2,4,18,426,44,16,40,19,male,1993-02-22
215,3,107,13,105,13,7,14,16,4102,12,6,5,11,male,1969-05-18
216,9,230,28,230,28,49,799,29,20742,126,44,168,90,male,1985-07-09
217,2,30,6,23,6,1,0,21,2987,34,0,1,1,male,2006-04-02
218,1,68,23,68,23,73,324,30,4531,32,31,76,47,female,1990-01-01
219,1,33,10,26,10,11,128,14,6174,41,13,14,18,male,1963-02-28
220,1,204,24,201,24,NULL,NULL,,,0,1,1,0,male,1994-02-24
221,2,39,18,39,18,36,194,23,11502,122,31,60,81,male,1966-06-06
222,1,177,26,177,26,28,15,23,2693,21,16,60,35,male,1970-03-31
223,1,28,9,13,6,4,3,28,4226,4,11,1,23,male,1977-01-29
224,3,153,26,142,25,NULL,NULL,27,11106,13,0,2,22,male,1982-09-15
225,1,66,21,66,21,24,243,21,11685,351,47,65,71,female,1979-08-22
226,8,169,28,169,28,1,1,29,10473,146,125,130,120,male,1962-06-18
227,3,59,17,59,17,24,72,26,9951,49,19,19,38,male,1983-05-18
228,5,590,27,363,27,NULL,NULL,1,255,2,0,1,0,female,1452-12-24
229,5,239,30,78,18,97,719,30,10940,76,75,53,89,female,1966-06-13
230,3,107,27,97,27,28,73,9,5850,107,21,80,126,male,1976-10-15
231,3,230,28,200,28,25,131,24,6872,316,39,71,56,male,1991-12-17
232,3,227,24,191,24,120,917,23,9955,60,130,118,105,male,1973-04-12
233,2,98,18,61,12,63,429,29,17800,19,50,60,56,male,1981-10-19
234,3,105,24,96,24,37,341,25,7390,121,43,81,114,male,1987-03-29
235,10,222,28,107,22,18,229,25,2272,61,11,13,24,male,1983-10-23
236,6,171,30,47,19,NULL,NULL,,,69,88,70,15,male,1956-09-29
237,4,165,15,139,15,1,0,,,40,4,26,9,female,0000-00-00
238,5,143,22,113,21,NULL,NULL,21,8497,89,56,81,117,male,1969-05-28
239,5,201,25,121,25,1,1,23,5635,38,2,3,11,male,2001-03-16
240,6,207,26,167,26,1,0,,,118,11,133,40,male,1994-02-03
241,2,83,4,44,4,27,341,27,8246,75,43,58,13,male,1977-03-06
242,4,66,18,66,18,41,794,23,6188,314,210,66,85,male,1962-05-30
243,3,71,9,71,9,113,842,28,19054,0,65,81,29,male,1979-01-16
244,13,507,30,507,30,9,4,24,19789,269,0,2,88,male,1966-02-08
245,1,137,27,124,27,10,54,23,817,158,30,47,47,male,2001-10-01
246,1,43,4,10,4,3,7,4,9311,8,1,12,12,female,1969-09-18
247,6,124,26,76,19,NULL,NULL,22,2512,20,0,3,38,male,1994-09-21
248,14,60,18,60,18,3,26,20,4337,71,6,43,82,male,1970-08-05
249,3,69,9,60,9,NULL,NULL,12,5161,12,9,17,25,male,1954-07-20
250,2,36,9,36,9,NULL,NULL,2,1159,45,4,6,62,male,1983-05-30
251,1,102,10,88,10,1,2,,,26,2,1,13,male,1994-06-11
252,1,55,19,24,15,49,741,30,11171,113,55,72,90,male,1983-05-02
253,2,54,16,54,16,1,0,30,3317,113,31,74,89,male,1973-12-28
254,1,91,24,89,24,NULL,NULL,15,153,88,1,2,5,male,1993-02-05
255,1,63,20,63,20,2,47,20,5767,56,0,3,62,male,1973-03-08
256,2,66,9,66,9,18,23,16,2495,64,2,1,60,male,1951-10-08
257,1,43,16,43,16,51,345,27,7032,110,37,61,91,male,1983-10-24
258,7,150,23,150,23,1,0,,,10,19,22,25,male,1983-08-09
259,2,81,19,75,19,5,13,,,120,0,6,10,female,1994-01-04
260,4,276,30,86,25,NULL,NULL,22,10308,72,0,1,90,male,1992-01-01
261,2,277,29,275,29,1,0,25,17848,199,30,58,118,male,1993-01-06
262,5,41,13,41,13,69,484,27,7004,341,51,61,109,male,1985-06-08
263,1,43,8,37,8,13,23,21,3422,24,13,35,10,female,1974-12-21
264,8,107,21,93,21,10,63,28,1663,56,4,3,19,male,1988-10-20
265,6,221,24,180,23,NULL,NULL,,,97,1,5,18,male,1998-03-15
266,1,63,14,59,14,6,28,19,2696,55,5,3,48,male,1979-12-16
267,5,99,18,67,17,3,4,5,2526,2,3,7,2,male,1993-09-19
268,11,246,29,62,17,NULL,NULL,,,28,2,1,7,male,1989-10-16
269,1,177,19,177,19,NULL,NULL,27,15877,134,19,32,67,female,1996-07-13
270,6,74,21,61,21,NULL,NULL,24,2574,210,3,12,59,male,1991-06-19
271,9,104,23,72,20,NULL,NULL,27,14543,30,825,69,88,male,1974-02-17
272,4,47,16,47,16,12,32,,,30,198,56,90,female,1975-03-01
273,10,264,25,239,25,23,332,24,7061,14,4,11,27,female,1968-10-02
274,1,295,17,283,17,NULL,NULL,,,285,1,1,21,male,1993-09-30
275,4,145,24,118,24,65,601,30,12388,33,47,66,119,male,1987-07-21
276,3,176,20,143,20,NULL,NULL,,,20,0,3,6,,0000-00-00
277,2,52,16,52,16,1,0,,,31,11,30,3,male,1982-02-15
278,3,140,22,131,22,8,31,20,3496,0,3,6,7,male,1959-11-11
279,2,143,26,142,25,46,316,25,1877,0,2,1,0,male,1997-08-27
280,8,219,26,218,26,1,0,26,6624,206,1,135,76,male,1970-05-17
281,2,32,16,32,16,10,1,29,17450,91,240,185,90,female,1982-10-20
282,2,133,24,128,23,26,328,27,16428,118,23,86,86,male,1987-07-15
283,3,39,10,39,10,NULL,NULL,,,12,1,2,9,female,1963-01-14
284,3,92,24,92,24,NULL,NULL,,,94,0,45,81,male,1984-08-21
285,1,58,9,43,9,42,311,25,15915,81,30,59,199,female,1984-09-07
286,16,990,30,971,30,6,3,,,94,13,39,21,female,1976-08-11
287,1,326,25,314,25,57,836,29,11185,29,58,111,114,female,1962-05-11
288,1,51,9,51,9,NULL,NULL,18,12683,5,21,1,32,male,1982-06-25
289,2,58,13,58,13,NULL,NULL,28,11433,131,8,16,119,male,1973-08-07
290,4,79,17,79,17,41,684,22,8494,244,45,70,101,male,1977-10-20
291,9,100,21,100,21,70,597,30,9332,32,30,66,150,male,1984-10-30
292,1,50,10,50,10,5,1,8,2168,81,12,2,15,male,1983-01-24
293,1,65,15,57,14,34,398,24,6656,70,32,92,79,male,1990-08-04
294,1,102,21,102,21,63,444,23,3511,26,30,44,5,male,1991-10-15
295,3,99,27,96,27,NULL,NULL,23,1217,90,6,1,82,male,1974-09-30
296,7,136,21,136,21,23,45,14,3850,130,0,1,60,female,1973-04-11
297,7,38,7,38,7,1,0,,,4,1,1,19,female,1990-11-06
298,3,56,8,56,8,80,181,11,8354,44,11,25,65,male,1982-07-22
299,3,60,16,51,16,38,549,29,20486,112,52,62,121,male,1955-11-01
300,4,347,27,293,27,NULL,NULL,2,1237,34,0,1,48,male,1996-01-21
301,2,76,5,67,5,1,0,14,6566,108,5,75,30,female,1984-03-30
302,20,670,30,254,28,33,217,29,4433,272,75,42,51,male,1969-12-11
303,8,59,14,59,14,59,582,28,15601,206,205,520,82,male,1978-10-01
304,1,28,12,28,12,19,219,26,7984,46,33,156,211,male,1985-02-09
305,10,47,18,47,18,10,41,3,4653,27,0,13,31,male,1983-04-07
306,1,172,30,39,18,NULL,NULL,30,18451,247,65,114,96,male,1984-08-11
307,2,262,29,262,29,NULL,NULL,25,90,0,1,1,30,male,1990-06-01
308,2,100,11,100,11,17,49,,,0,3,1,0,male,1977-07-02
309,1,39,14,39,14,7,2,28,10062,218,23,71,100,male,1975-12-25
310,2,42,9,42,9,4,61,29,12356,0,68,3,33,female,1999-02-25
311,1,159,29,148,29,45,443,23,9247,20,20,37,52,male,1977-11-09
312,1,59,18,59,18,33,190,17,10024,205,67,76,100,male,1975-02-28
313,1,62,21,60,21,199,2930,25,13106,262,173,168,99,male,1978-06-01
314,1,28,16,28,16,14,101,19,12446,69,15,33,142,male,1988-02-25
315,1,42,9,42,9,NULL,NULL,,,25,0,1,26,male,1995-06-30
316,2,61,20,61,20,7,28,22,5902,0,4,7,16,female,1989-05-14
317,3,143,28,143,28,25,158,25,6212,65,39,71,51,male,1974-01-30
318,5,159,29,152,29,107,607,27,7065,19,54,66,173,male,1984-05-11
319,1,44,17,44,17,5,3,23,8853,119,148,147,120,male,1984-10-05
320,4,151,29,38,15,4,17,17,7935,36,19,16,40,female,1989-04-04
321,1,35,17,35,17,7,82,21,5928,50,2,1,65,male,1987-10-30
322,3,70,20,70,20,NULL,NULL,28,9505,56,25,52,100,male,1980-01-21
323,2,49,19,49,19,46,215,30,3385,195,18,17,94,female,1988-08-20
324,20,97,22,97,22,5,30,28,1476,6,5,3,2,female,1971-07-19
325,1,31,16,31,16,26,157,19,6196,1,17,35,14,male,1984-02-08
326,5,77,26,74,26,28,190,30,8296,30,36,59,114,male,1984-09-29
327,2,101,16,84,15,20,79,8,7618,45,22,43,13,male,1987-03-15
328,3,49,12,49,12,43,783,23,17679,127,48,58,79,male,1990-02-14
329,12,135,22,135,22,40,567,23,10195,91,31,55,115,male,1986-07-06
330,1,124,6,81,6,7,5,19,8196,151,17,64,118,male,1990-12-15
331,6,58,16,57,16,4,63,20,670,11,0,7,9,male,1973-04-03
332,1,64,17,46,17,49,529,28,9740,168,40,61,71,male,1953-10-05
333,2,71,19,58,19,11,36,28,15302,0,39,2,27,male,1983-12-03
334,6,150,25,150,25,51,725,24,6873,65,41,59,105,male,1957-03-27
335,5,63,8,20,7,5,17,25,199,2,0,4,14,female,1992-11-06
336,4,180,27,144,27,2,1,26,8945,158,31,111,117,male,1947-05-06
337,3,70,19,70,19,34,374,24,9374,279,53,73,85,male,1976-08-30
338,3,93,22,93,22,34,273,23,6410,79,26,52,113,male,1987-03-05
339,12,165,24,165,24,88,1155,29,7323,87,41,74,142,male,1967-01-24
340,2,73,15,70,15,NULL,NULL,,,132,0,2,20,male,1984-10-04
341,2,42,14,37,14,116,1455,28,8904,19,22,9,97,female,1974-04-29
342,3,59,13,58,13,13,203,5,2157,0,1,12,1,male,1989-05-13
343,3,212,26,202,26,NULL,NULL,,,0,1,1,0,female,1977-01-21
344,1,64,3,12,3,75,445,23,2139,29,120,48,183,male,1975-10-24
345,8,172,27,172,27,40,527,28,5030,177,27,11,82,male,1977-01-13
346,5,85,15,85,15,272,2067,26,13562,158,571,449,117,male,1950-12-16
347,2,52,16,43,16,28,174,23,4893,185,8,49,39,male,1995-03-31
348,13,84,22,84,22,91,849,22,15269,12,83,169,68,male,1969-01-26
349,6,278,22,251,22,NULL,NULL,4,1686,44,0,73,8,male,1985-05-15
350,1,187,15,143,15,104,418,20,5609,55,34,33,80,female,1985-03-27
351,1,211,24,199,24,243,4888,20,5070,408,146,73,74,female,1992-11-06
352,7,158,29,153,29,16,113,1,1778,302,163,109,30,female,1951-09-01
353,1,338,30,338,30,125,2765,30,11053,153,214,182,120,male,1985-06-25
354,8,148,24,128,24,NULL,NULL,27,16890,332,68,127,84,male,1979-02-12
355,1,38,12,38,12,59,632,17,2700,49,39,52,63,female,1989-03-18
356,2,96,23,96,23,7,34,13,700,0,18,1,0,male,1995-03-20
357,15,124,17,124,17,NULL,NULL,21,1801,467,4,83,48,male,1975-07-21
358,2,87,25,82,25,55,484,18,4551,132,28,97,38,male,1957-03-20
359,3,28,9,28,9,1,7,22,9214,69,0,2,76,male,1969-02-09
360,7,218,28,202,28,5,10,28,10311,239,209,105,90,male,1976-06-19
361,3,124,27,124,27,NULL,NULL,,,288,0,1,57,female,1993-04-27
362,2,190,9,141,9,23,327,,,8,0,24,4,female,1978-01-16
363,3,106,23,106,23,NULL,NULL,28,8730,215,12,15,56,male,1989-01-10
364,2,354,28,202,24,NULL,NULL,,,20,1,32,2,female,1970-09-15
365,1,43,18,43,18,4,45,25,6692,50,10,75,64,male,1996-10-01
366,3,155,21,154,21,32,129,24,11034,1,15,27,16,male,1998-08-08
367,1,29,9,29,9,NULL,NULL,,,2,0,2,2,female,1981-01-11
368,1,32,16,32,16,8,10,21,10648,132,62,10,72,male,1983-08-26
369,9,48,22,45,22,24,625,29,11488,129,15,24,218,female,1967-04-04
370,1,27,5,27,5,NULL,NULL,14,7207,14,5,1,14,male,1979-04-13
371,7,115,25,115,25,NULL,NULL,,,53,9,13,48,male,1984-02-25
372,1,33,10,31,10,50,709,30,11634,71,32,58,43,male,1988-09-25
373,7,109,20,106,20,1,0,25,12457,75,0,2,62,male,1989-06-11
374,5,38,13,31,13,NULL,NULL,,,689,45,60,62,female,1984-07-02
375,1,288,30,288,30,38,384,30,7132,286,76,239,85,male,1985-08-15
376,2,36,10,30,10,139,1944,28,23397,85,192,303,148,female,1970-06-10
377,1,39,17,39,17,24,69,23,10657,29,37,52,82,male,1998-06-01
378,1,36,7,30,7,209,3733,30,12832,82,176,78,110,female,1960-09-27
379,6,74,19,64,19,NULL,NULL,24,7601,0,2,2,24,male,1990-10-17
380,5,151,11,138,11,2,1,11,7064,1,2,1,3,male,1991-08-15
381,6,31,15,31,15,127,1626,28,13088,97,141,60,144,male,1962-12-16
382,1,132,29,132,29,2,5,30,18608,127,0,113,90,male,1955-12-03
383,1,146,27,112,26,38,510,,,0,2,4,0,female,1990-12-19
384,5,37,7,27,7,4,1,9,2381,18,0,29,78,male,1990-08-07
385,1,36,6,26,6,10,18,,,2,1,1,0,male,1995-06-12
386,1,76,16,63,16,9,38,,,0,2,1,1,male,1996-02-17
387,4,123,25,117,25,61,524,30,6530,52,233,137,120,male,1985-01-27
388,1,46,12,41,12,6,58,26,2800,136,73,93,41,male,1983-07-11
389,1,127,9,98,9,7,182,14,10747,0,2,1,2,male,1988-03-17
390,1,31,5,31,5,2,0,20,5836,4,2,1,19,female,1993-12-09
391,12,255,26,249,26,93,1098,22,9063,64,92,144,119,male,1970-01-14
392,1,28,15,28,15,18,223,29,8687,11,30,34,25,male,1976-10-31
393,1,28,12,28,12,57,491,24,10503,84,72,95,80,male,1956-09-17
394,1,52,16,52,16,1,0,,,0,5,9,0,male,1987-05-16
395,2,80,18,62,18,NULL,NULL,,,12,0,1,5,female,1991-08-24
396,1,46,17,40,17,44,524,24,6297,476,95,70,82,male,1987-02-14
397,2,59,16,59,16,NULL,NULL,,,1,0,3,0,male,1991-01-24
398,1,53,19,53,19,NULL,NULL,28,10749,56,15,24,112,male,1991-01-06
399,1,95,20,80,20,4,4,24,5703,50,0,8,138,male,1986-08-18
400,3,29,9,29,9,28,262,18,3205,48,27,7,28,male,1987-06-05
401,6,165,23,134,22,61,534,30,13225,178,31,100,103,male,1983-10-26
402,4,342,8,38,8,200,1688,30,11545,128,104,138,66,male,1961-09-18
403,1,29,6,29,6,17,43,24,11207,30,38,149,210,female,1978-06-18
404,1,132,18,94,18,4,94,12,6323,1,0,2,11,female,1997-06-06
405,1,96,11,96,11,57,329,23,12182,119,212,267,138,male,1969-03-08
406,7,255,30,210,30,10,63,24,3477,70,16,31,42,male,1996-01-12
407,1,28,14,24,13,38,240,28,42004,125,67,64,87,male,1950-08-19
408,1,334,26,297,26,34,167,,,54,20,33,55,male,1995-12-01
409,8,91,18,91,18,17,16,,,24,4,1,27,male,1967-11-04
410,7,337,29,328,29,197,2398,20,3910,0,14,57,4,female,1984-10-11
411,1,48,14,40,14,7,36,26,5306,65,2,98,49,female,2003-01-01
412,1,55,18,55,18,48,281,23,8773,0,39,60,30,male,1992-07-29
413,9,111,23,99,23,45,433,23,13707,97,31,68,58,male,1985-03-31
414,1,28,12,28,12,9,60,2,4413,1,0,4,4,male,1977-10-10
415,2,37,18,37,18,96,951,26,10873,114,74,137,119,male,1981-01-01
416,7,194,27,192,27,76,473,30,18284,215,80,107,98,male,1964-06-01
417,7,135,27,129,27,108,616,25,13919,3,22,32,66,male,1972-07-17
418,10,206,27,206,27,96,1217,23,15612,91,109,165,84,male,1976-07-23
419,9,59,18,59,18,63,467,26,31759,140,116,146,122,male,1971-04-16
420,2,38,15,38,15,44,402,29,14141,199,34,60,93,male,1979-12-20
421,3,52,4,52,4,107,1066,27,12440,98,29,20,98,male,1968-11-10
422,1,28,9,22,8,10,53,24,11786,222,24,41,94,male,1981-01-22
423,7,260,26,260,26,118,1296,30,14796,182,102,331,89,male,1963-05-20
424,3,138,24,100,24,139,1395,22,10587,182,82,121,208,male,1983-08-20
425,1,39,7,39,7,1,0,21,7041,109,21,59,47,male,1966-06-20
426,2,35,16,35,16,89,408,26,6898,53,35,39,68,male,1965-07-17
427,4,74,12,74,12,14,28,,,32,2,5,21,male,1981-09-13
428,3,250,23,161,23,3,60,20,3543,9,0,1,37,male,1969-03-25
429,1,26,12,15,12,67,850,,,75,40,147,93,male,1979-06-07
430,8,94,22,85,22,36,318,30,7699,232,33,122,120,female,1981-10-18
431,5,78,19,69,19,108,2445,23,20968,123,222,318,167,female,1974-07-31
432,7,33,16,33,16,93,901,23,18733,194,166,548,235,male,1964-09-17
433,2,133,21,120,21,1,0,,,265,144,107,86,male,1988-04-25
434,1,50,11,47,11,10,39,26,11680,143,32,96,146,male,1964-06-12
435,2,33,14,31,14,245,2879,24,13246,270,133,116,120,male,1979-01-08
436,12,167,26,144,26,50,315,23,16842,241,33,48,169,male,1963-08-16
437,2,58,19,58,19,1,2,24,8027,48,26,53,102,male,1996-06-17
438,1,27,4,27,4,8,15,17,10003,67,102,3,125,male,2007-08-13
439,7,37,17,15,8,NULL,NULL,21,3764,1,2,8,17,male,1991-06-07
440,1,66,20,64,20,4,3,22,8526,219,59,62,183,male,1979-11-23
441,2,28,12,28,12,41,433,24,6568,363,77,104,34,male,1984-07-15
442,1,27,9,24,9,NULL,NULL,22,6438,74,6,22,80,male,1990-11-20
443,12,110,21,108,21,16,49,26,13910,72,32,3,144,male,1979-11-01
444,2,130,8,127,8,27,428,18,7126,102,32,79,163,male,1981-08-27
445,1,48,10,33,10,NULL,NULL,29,5854,292,12,3,116,male,1972-12-03
446,20,126,22,126,22,NULL,NULL,30,6858,156,0,60,128,male,1967-12-06
447,3,26,11,26,11,1,0,16,7229,64,36,61,36,male,1982-10-01
448,1,26,13,26,13,18,63,26,12221,185,33,1,53,male,1978-10-15
449,1,70,15,70,15,NULL,NULL,28,8381,198,22,36,73,female,1993-01-06
450,7,48,10,46,10,202,1958,20,5723,2,17,2,54,male,1978-07-15
451,6,120,21,116,21,42,407,14,6168,17,17,7,29,male,1988-08-01
452,1,62,20,57,20,NULL,NULL,,,178,29,78,11,female,1970-03-13
453,1,31,12,31,12,54,476,24,7096,8,7,41,75,male,1978-03-27
454,3,153,28,152,28,68,380,25,7863,152,64,55,190,male,1984-08-06
455,1,26,16,26,16,3,68,29,9622,173,48,133,120,male,1984-10-26
456,2,103,22,101,22,38,677,27,6560,49,42,84,139,male,1983-01-16
457,1,28,17,28,17,36,233,27,6232,3,23,34,11,male,1988-12-25
458,8,353,13,350,13,40,274,11,2955,56,18,19,37,male,1982-04-21
459,4,53,10,53,10,NULL,NULL,,,90,31,30,10,male,1972-03-26
460,12,94,18,94,18,63,624,20,11600,101,91,235,245,male,1981-03-13
461,5,155,24,147,24,157,1368,28,6511,290,30,73,259,male,1974-02-22
462,4,77,18,68,18,9,42,25,7986,113,13,10,78,male,1977-03-04
463,2,32,8,32,8,2,20,24,5469,57,21,50,148,female,1986-09-27
464,1,34,3,26,3,43,107,27,6702,15,26,7,51,female,1979-07-26
465,1,54,15,30,9,30,118,29,17185,214,33,2,160,male,1975-06-20
466,6,120,22,120,22,12,74,22,12789,537,70,137,115,male,1975-05-13
467,5,284,28,284,28,14,56,,,79,10,18,37,male,1982-04-18
468,5,73,22,73,22,2,0,,,121,45,31,21,male,1980-10-13
469,6,167,25,129,24,148,1647,24,7984,75,80,83,59,male,1980-03-07
470,5,359,30,189,29,160,726,28,13855,88,76,71,123,male,1976-04-07
471,14,217,29,177,29,61,462,24,12361,10,50,72,21,male,1981-10-08
472,20,235,29,235,29,40,653,28,2402,128,23,81,65,female,1974-08-18
473,2,140,18,140,18,17,7,29,8853,93,4,1,107,male,1982-03-14
474,2,68,15,67,15,74,208,29,11201,176,36,38,242,male,1976-04-30
475,5,208,28,208,28,1,0,,,81,37,2,70,male,1993-07-04
476,3,72,24,72,24,53,405,26,11012,74,47,68,124,male,1986-01-03
477,11,207,28,207,28,44,300,28,5605,413,15,4,212,male,1991-07-01
478,14,419,29,419,29,15,14,16,5051,136,0,28,150,male,1986-01-19
479,3,55,10,50,10,2,2,17,7537,279,22,2,52,male,1988-06-21
480,1,85,10,75,9,336,3171,24,10059,171,144,210,181,male,1965-08-28
481,1,38,12,24,12,4,60,30,10686,70,20,22,68,female,1978-12-21
482,5,245,24,137,24,63,242,22,7382,101,47,34,127,male,1983-02-24
483,8,197,19,197,19,60,324,23,5533,66,12,17,57,male,1981-09-28
484,2,29,10,20,10,3,27,21,6494,75,8,105,55,female,1992-10-14
485,1,80,29,80,29,14,134,,,18,5,12,29,female,1986-05-11
486,2,115,15,63,13,20,76,27,8595,52,3,32,99,male,1967-04-15
487,3,253,30,137,29,NULL,NULL,28,5686,66,0,2,86,male,1988-09-24
488,9,299,27,295,27,33,348,25,2247,70,6,2,120,female,1980-12-21
489,3,35,11,35,11,62,253,22,7092,51,24,22,28,male,1967-06-26
490,1,94,9,32,7,14,131,25,8619,147,23,160,203,female,1997-03-22
491,1,104,27,104,27,23,92,24,22533,208,92,30,156,male,1983-07-07
492,2,75,16,74,16,48,73,26,6631,327,0,1,179,male,1978-08-10
493,2,63,16,63,16,443,542,22,11602,3,44,62,41,female,1981-01-15
494,1,38,11,36,11,89,797,27,8821,6,5,11,63,male,1968-09-01
495,1,69,15,60,15,81,624,17,6371,4,1,1,9,female,1976-07-16
496,2,60,12,41,11,6,38,30,11683,18,105,172,103,male,1972-07-15
497,3,49,20,49,20,NULL,NULL,24,13570,54,7,2,70,female,1961-06-01
498,1,33,3,33,3,13,102,22,4177,31,23,3,78,female,1985-10-22
499,3,49,15,39,15,65,776,25,10332,240,46,72,226,male,1964-07-22
500,1,51,6,27,6,33,710,24,4988,1,11,1,29,male,1949-08-07
501,5,31,14,31,14,NULL,NULL,,,10,1,6,5,male,1981-04-25
502,4,78,25,63,24,48,291,8,10985,206,84,29,75,male,1959-07-15
503,2,53,16,42,16,3,1,,,0,1,3,2,male,1964-11-20
504,7,73,17,67,17,88,1875,27,12915,91,171,59,131,male,1964-01-17
505,2,94,13,94,13,80,438,23,9718,131,60,117,97,female,1974-07-15
506,2,45,13,38,13,31,287,26,1950,30,10,5,242,male,1979-05-29
507,4,60,15,60,15,13,81,27,12794,27,27,13,88,male,1958-04-13
508,5,47,7,47,7,6,47,14,7971,24,2,1,57,male,1985-03-11
509,3,152,18,146,18,28,269,23,12193,132,5,22,109,male,1987-05-25
510,2,222,12,61,10,1,0,9,4051,15,5,7,9,male,1988-11-28
511,1,58,11,31,11,68,419,27,7560,2,35,3,24,male,1986-10-21
512,6,331,27,331,27,31,18,30,4979,27,1,1,111,male,1971-02-15
513,7,57,15,57,15,45,150,17,4180,0,10,1,21,male,1979-03-20
514,3,135,21,82,20,162,1635,22,13519,1,11,4,32,male,1952-11-28
515,4,49,21,49,21,27,138,,,102,52,30,103,male,1971-01-17
516,5,140,22,127,22,43,379,11,5283,44,7,5,89,female,1987-07-09
517,4,38,9,38,9,42,264,19,4778,18,10,31,76,male,1985-12-08
518,2,44,9,42,9,112,766,23,4764,123,40,3,62,female,1987-11-01
519,1,58,21,58,21,35,474,21,7403,43,8,37,65,female,1969-03-30
520,3,37,9,29,9,33,90,3,3770,4,7,2,13,male,1984-09-01
521,6,283,26,258,26,59,268,24,7201,119,62,26,154,male,1978-02-04
522,4,47,15,47,15,110,1098,22,3725,14,40,7,19,male,1993-02-28
523,2,144,16,139,16,NULL,NULL,,,28,0,1,83,male,1993-06-10
524,4,39,14,39,14,5,1,21,12533,55,35,25,144,male,1979-04-01
525,6,95,21,95,21,8,7,,,5,1,2,6,male,1992-01-02
526,4,65,12,65,12,15,18,18,6838,12,2,1,35,male,1988-10-04
527,2,40,9,40,9,3,2,,,18,1,1,50,male,1989-12-31
528,1,65,9,65,9,1,0,,,113,0,31,38,male,1989-09-05
529,3,67,8,41,8,48,25,,,20,5,7,18,male,1986-07-30
530,3,172,14,172,14,5,2,,,43,2,10,26,male,1997-04-05
531,1,47,7,47,7,6,3,15,5139,22,5,3,3,male,1978-09-20
532,4,87,10,87,10,16,39,16,6116,4,4,1,44,male,1983-04-27
533,4,134,16,134,16,7,2,13,12185,184,15,52,37,male,1999-02-03
534,1,76,7,76,7,17,309,9,6253,33,31,18,42,female,1980-04-22
535,5,59,8,59,8,16,188,18,6886,45,28,33,128,male,1970-04-27
536,1,28,9,28,9,9,15,14,4723,13,1,1,41,male,1982-05-18
537,5,275,14,170,13,10,9,17,8778,67,1,1,98,male,1988-08-18
538,8,181,16,180,16,26,62,2,502,65,6,32,29,male,1973-09-16
539,4,273,9,234,9,63,213,,,4,8,6,36,female,1995-10-15
540,3,31,9,31,9,4,15,,,194,23,24,65,male,1981-08-19
541,1,62,11,62,11,NULL,NULL,10,7460,62,8,17,37,male,1968-07-21
542,2,99,11,82,11,10,16,,,45,1,9,80,male,1987-06-30
543,5,43,9,43,9,84,646,12,4189,65,21,31,57,male,1990-07-02
544,3,121,12,107,12,9,4,13,2572,13,24,9,9,female,1985-08-03
545,1,94,8,48,8,2,0,11,4393,25,0,1,26,male,1994-05-26
546,2,88,11,88,11,53,409,11,5359,108,21,78,28,male,1974-10-08
547,2,36,8,36,8,33,221,12,10047,57,25,44,51,male,1978-08-21
548,1,34,4,17,4,54,640,12,6959,31,11,21,80,male,1967-09-21
549,1,79,9,73,9,34,173,12,13721,70,244,22,64,male,1978-11-11
550,2,35,10,35,10,84,553,,,20,1,19,6,male,1985-03-08
551,1,61,6,37,6,3,1,6,4966,15,0,4,7,male,1989-11-15
552,2,125,10,110,10,2,2,5,7145,16,11,2,13,male,1991-07-15
553,2,39,7,39,7,12,17,6,9991,14,5,7,8,male,1991-08-15
554,1,212,9,119,9,NULL,NULL,,,13,5,11,11,male,1987-10-15
555,4,56,16,29,11,16,171,17,9134,0,19,6,17,male,1977-12-21
556,6,189,18,111,18,4,5,7,2045,9,0,17,22,female,1987-09-28
557,2,32,7,23,7,1,0,28,5263,55,0,83,146,female,1980-01-01
558,6,177,27,177,27,NULL,NULL,15,4887,25,0,2,20,male,1998-06-03
559,9,70,15,70,15,1,0,25,6437,346,13,19,56,male,1991-10-27
560,1,196,30,59,22,14,67,14,4260,6,2,124,31,male,1985-10-30
561,5,30,11,27,11,4,1,27,3355,58,20,95,118,female,1972-07-22
562,11,59,19,59,19,130,2147,30,11466,118,119,206,90,male,1963-09-10
563,1,38,16,24,10,3,0,11,3146,5,3,8,4,male,1989-01-03
564,6,49,18,49,18,1,0,5,2072,1,2,4,0,male,1982-10-25
565,3,74,15,71,15,NULL,NULL,24,34004,33,1,4,122,male,1963-05-14
566,3,80,16,54,16,2,1,17,2055,0,20,52,21,male,1983-06-30
567,2,32,18,32,18,1,0,25,26560,29,14,1,88,male,1983-03-30
568,10,110,23,110,23,NULL,NULL,27,13042,226,39,232,148,male,1973-01-29
569,1,30,13,30,13,1,11,20,4074,25,0,45,77,male,1982-02-24
570,13,128,25,128,25,NULL,NULL,29,18752,205,26,86,62,male,1966-11-21
571,3,35,13,35,13,46,155,9,8997,6,5,11,67,male,1991-01-10
572,4,62,17,49,17,34,214,27,13439,65,32,113,90,male,1993-07-02
573,1,48,18,48,18,8,227,19,8019,97,1,1,62,male,1991-11-05
574,8,199,27,199,27,25,253,25,8800,0,27,32,14,male,1987-08-23
575,1,35,16,31,16,54,130,25,10100,298,20,64,72,male,1974-05-03
576,1,34,6,34,6,8,24,19,8660,4,20,1,11,male,1985-07-29
577,2,106,25,106,25,12,12,22,9007,108,1,263,214,male,1981-02-02
578,1,29,15,29,15,8,32,30,11554,115,4,5,78,male,1978-03-09
579,1,69,20,69,20,28,20,7,11288,23,0,1,21,male,1980-11-26
580,7,74,20,74,20,1,0,,,723,0,39,60,male,1972-04-22
581,4,46,17,46,17,2,2,22,14576,17,4,3,24,male,1979-08-07
582,2,97,27,42,18,13,74,28,18749,26,25,1,43,male,1975-01-28
583,6,193,20,158,20,35,293,30,16872,0,144,184,31,female,1982-07-01
584,1,59,19,59,19,2,13,22,4081,97,5,3,4,male,1986-07-17
585,2,48,18,48,18,7,85,,,23,0,30,26,male,1990-08-19
586,1,34,8,34,8,17,41,21,2960,28,1,4,65,male,1980-06-03
587,9,158,28,146,28,35,650,24,7656,91,36,62,90,male,1974-03-17
588,2,43,13,43,13,NULL,NULL,,,67,0,2,4,male,1984-05-13
589,3,206,18,150,18,12,141,23,6574,56,0,3,43,male,1998-03-22
590,5,112,23,109,23,38,396,21,8889,71,32,68,65,male,1989-12-12
591,6,86,18,83,18,3,2,30,7354,31,0,90,120,male,2000-08-16
592,12,438,29,438,29,5,9,25,7852,56,8,7,31,male,1978-05-19
593,4,74,19,62,18,NULL,NULL,30,4403,149,19,167,141,male,1978-06-22
594,3,54,14,54,14,1,0,,,17,14,6,14,female,1962-06-06
595,2,49,19,49,19,NULL,NULL,29,15632,95,35,117,112,male,1979-07-02
596,7,377,29,220,29,66,129,3,2158,610,119,207,41,male,1978-12-06
597,4,52,13,52,13,1,33,12,1795,21,1,4,9,male,1995-07-01
598,3,27,14,27,14,NULL,NULL,,,1,1,2,0,male,1986-08-30
599,5,96,20,82,20,8,73,27,2924,4,2,1,0,male,1973-07-30
600,2,145,10,139,10,NULL,NULL,24,7494,16,29,17,19,male,1992-04-25
601,3,47,11,38,11,19,106,14,7308,42,13,11,34,male,1981-06-25
602,1,87,22,87,22,NULL,NULL,24,1470,45,31,37,43,male,1983-10-11
603,3,90,16,79,16,3,2,28,161,142,0,109,46,male,1980-09-28
604,2,26,9,26,9,10,28,8,3039,0,12,25,0,male,1983-12-03
605,6,228,29,228,29,37,247,17,5730,10,18,29,30,male,1980-08-20
606,9,121,29,121,29,42,534,21,11657,90,46,75,69,male,1961-10-24
607,5,81,23,81,23,47,757,24,7006,140,32,109,89,male,1990-01-01
608,2,35,9,19,5,NULL,NULL,,,212,47,64,6,male,1967-03-12
609,1,66,19,66,19,11,127,25,5531,30,7,31,114,male,1998-04-27
610,1,111,21,82,21,NULL,NULL,16,6,0,9,1,0,male,1996-11-17
611,2,34,15,34,15,2,0,22,12061,28,30,44,98,male,1982-07-15
612,1,30,9,14,9,34,277,30,13687,75,51,63,60,male,1990-03-15
613,4,54,15,54,15,4,1,,,9,0,3,9,male,1969-07-30
614,2,120,20,103,20,NULL,NULL,24,11792,103,13,65,65,male,1977-05-18
615,7,149,24,122,24,8,95,25,12663,132,2,17,72,male,1983-02-17
616,2,204,19,181,19,3,0,,,52,10,3,9,,0000-00-00
617,4,63,19,38,19,51,701,30,16702,426,45,163,116,male,1977-08-09
618,1,37,15,37,15,26,178,19,7022,10,45,33,17,male,1988-03-17
619,1,34,17,34,17,13,128,14,6722,0,55,33,13,male,1971-09-17
620,1,88,19,88,19,1,0,,,589,54,183,92,male,1983-09-08
621,2,172,28,168,28,1,0,21,11290,0,19,39,34,male,1995-10-23
622,2,131,24,131,24,1,0,,,56,0,1,57,male,1985-09-20
623,5,249,23,249,23,53,242,23,9269,7,25,42,26,male,2000-10-17
624,1,208,30,64,20,NULL,NULL,,,12,1,2,1,female,2006-03-23
625,2,93,20,93,20,NULL,NULL,,,30,0,1,60,male,1976-06-01
626,5,136,26,136,26,1,0,29,9409,148,2,5,56,male,1971-06-27
627,5,95,10,92,10,3,55,23,4506,31,15,1,31,female,1983-06-02
628,5,223,24,217,24,4,1,6,2376,6,2,3,2,male,1991-06-03
629,3,134,28,134,28,7,2,,,60,0,2,15,male,1988-08-13
630,6,126,23,126,23,1,0,,,21,7,14,14,male,1993-04-30
631,1,42,11,42,11,1,1,,,0,3,8,0,male,1978-12-09
632,5,142,20,142,20,11,54,23,8441,80,1,3,81,male,1973-10-02
633,7,73,19,73,19,NULL,NULL,,,21,18,15,6,female,1983-07-07
634,6,132,26,115,26,52,1178,23,17087,88,31,77,119,male,1976-07-12
635,1,71,16,47,16,57,1025,29,10601,2,48,125,120,male,1980-02-08
636,4,168,26,168,26,NULL,NULL,,,53,28,24,43,male,1992-02-01
637,2,140,29,119,29,NULL,NULL,26,10642,58,0,5,78,male,1982-07-06
638,7,87,21,87,21,7,1,23,11608,52,54,88,36,male,1967-01-13
639,2,125,26,125,26,38,234,30,10989,180,51,119,120,male,1979-03-20
640,1,229,19,179,19,2,5,20,3922,123,6,11,45,male,2000-02-23
641,2,61,20,61,20,NULL,NULL,27,12230,1,11,15,32,male,1992-11-27
642,1,44,15,42,15,41,440,25,10401,250,55,68,109,male,1976-11-25
643,5,255,26,240,26,3,3,,,0,4,6,0,male,1995-07-24
644,8,171,24,165,24,1,0,20,5332,212,32,37,53,male,1977-07-14
645,6,71,22,71,22,4,44,24,3663,103,0,2,54,male,1989-04-04
646,2,147,6,141,6,NULL,NULL,5,5418,116,9,26,26,male,1997-04-09
647,3,277,28,277,28,8,29,29,6119,56,5,3,91,male,1993-06-02
648,1,62,14,62,14,NULL,NULL,16,4009,8,0,8,32,male,1983-06-12
649,2,76,21,67,20,NULL,NULL,,,1,2,4,3,male,1997-08-09
650,6,94,20,94,20,1,0,27,4327,132,0,4,55,male,1970-04-15
651,4,76,12,35,12,1,14,18,2221,56,1,1,63,male,1976-06-15
652,1,31,7,31,7,44,777,21,25705,183,175,69,120,male,1977-11-18
653,1,67,13,67,13,NULL,NULL,21,5606,0,1,4,29,male,1994-01-04
654,1,41,16,41,16,NULL,NULL,,,63,1,25,84,male,1985-02-18
655,1,40,9,24,9,4,4,29,5396,17,25,1,38,male,1978-04-18
656,6,150,23,150,23,60,635,24,11656,56,62,106,132,male,1986-11-24
657,1,54,18,54,18,7,2,,,28,3,3,21,male,1989-04-15
658,2,31,13,31,13,6,82,22,1988,69,3,24,191,male,1981-06-18
659,1,47,10,45,10,3,1,30,14084,148,46,5,142,male,1974-06-25
660,2,66,18,57,17,4,1,25,2791,70,151,55,14,male,1993-04-09
661,1,35,13,35,13,5,17,22,11826,40,2,2,81,female,1986-03-13
662,3,43,5,43,5,15,84,24,5416,52,30,50,26,male,1983-03-31
663,3,52,9,34,9,3,36,19,9051,9,23,2,41,male,1982-07-17
664,2,66,21,64,21,47,178,9,1771,0,25,42,45,female,1983-06-24
665,7,225,26,220,26,14,31,26,12224,49,21,43,87,male,1988-05-23
666,5,234,25,234,25,NULL,NULL,,,56,105,6,36,male,1991-05-06
667,2,62,14,57,14,4,6,23,4784,99,8,12,123,male,1984-04-18
668,14,292,20,241,20,10,4,15,397,60,1,5,114,male,1977-05-20
669,1,52,7,37,7,6,26,,,1,1,3,0,male,1984-09-22
670,4,97,12,87,12,3,1,13,7014,59,26,2,92,male,2007-07-09
671,3,79,13,72,13,35,33,14,7075,54,12,17,38,male,1982-08-22
672,1,26,2,26,2,7,38,1,1414,1,2,1,1,male,1984-05-26
673,1,53,5,53,5,5,4,,,14,4,4,27,male,1999-03-14
674,6,108,21,103,21,NULL,NULL,20,13746,0,58,255,85,male,1971-03-01
675,1,79,14,79,14,2,0,11,5109,33,0,1,11,male,1998-11-17
676,3,150,24,106,23,9,39,25,7499,88,0,73,74,male,1993-02-15
677,2,42,13,37,13,5,13,,,26,6,8,87,male,1988-04-01
678,9,105,24,105,24,2,5,29,10495,43,0,29,138,male,1989-02-21
679,1,139,7,139,7,NULL,NULL,1,2238,6,9,3,44,male,1989-11-22
680,2,26,10,26,10,6,16,2,2621,8,4,14,11,male,2000-05-01
681,1,83,17,62,17,NULL,NULL,20,7225,80,65,3,37,male,1991-01-09
682,1,39,14,39,14,30,156,28,10787,154,26,84,116,male,1981-12-28
683,2,78,20,73,20,NULL,NULL,26,10108,20,16,9,54,male,1979-05-17
684,7,160,26,160,26,NULL,NULL,23,1532,69,27,2,95,male,1991-07-19
685,4,189,23,170,23,2,60,29,2866,24,0,54,192,male,1997-05-24
686,9,324,30,166,27,1,7,30,17564,58,5,6,165,male,1967-04-28
687,5,31,5,26,5,2,4,21,10987,51,1,12,46,male,1960-04-06
688,1,29,10,24,10,6,1,2,9432,0,3,6,10,male,1953-02-19
689,4,108,27,44,12,20,214,27,6827,21,0,35,119,male,1977-04-08
690,3,27,11,27,11,6,4,22,3191,1,19,3,0,male,1985-01-02
691,1,101,21,99,20,23,141,25,5456,14,21,24,23,male,1986-01-24
692,1,29,7,13,7,1,0,24,13138,51,0,3,244,male,1984-03-04
693,1,49,13,31,13,23,132,23,4943,4,1,13,30,male,1989-03-28
694,3,204,14,81,11,NULL,NULL,29,11876,93,0,1,157,male,1980-06-06
695,4,237,27,219,27,6,2,19,4672,0,13,8,12,male,1989-02-08
696,9,411,30,172,21,9,75,13,5902,6,7,3,30,male,1984-06-11
697,5,72,17,72,17,3,0,21,4154,15,8,6,25,male,1985-12-15
698,1,28,9,28,9,NULL,NULL,10,3122,19,2,1,46,female,1979-03-28
699,5,63,17,61,17,NULL,NULL,23,2926,8,1,4,6,male,1956-04-21
700,2,125,21,125,21,4,7,20,7703,0,1,2,18,male,1984-01-25
701,3,28,11,26,11,NULL,NULL,27,10471,58,0,77,44,male,1989-05-17
702,2,29,9,27,9,NULL,NULL,15,4687,5,2,19,23,male,1987-05-16
703,11,92,23,88,23,NULL,NULL,22,13811,197,0,121,379,male,1950-02-05
704,2,32,12,32,12,NULL,NULL,27,11329,44,1,5,65,male,1981-10-05
705,3,30,17,30,17,NULL,NULL,13,11628,4,0,8,47,male,1984-12-22
706,1,47,17,47,17,1,0,25,10465,0,2,32,21,male,1969-05-14
707,5,143,26,143,26,NULL,NULL,25,9531,112,32,60,66,female,1975-08-31
708,2,58,15,58,15,NULL,NULL,30,13723,147,145,115,89,male,1958-02-02
709,3,102,18,100,18,NULL,NULL,29,5656,57,5,34,93,male,1958-01-02
710,10,73,18,73,18,3,44,14,719,21,1,19,26,male,1987-05-05
711,5,74,22,71,22,NULL,NULL,19,11732,22,0,6,30,male,1981-01-07
712,3,90,16,75,16,1,1,3,4497,3,1,6,1,male,1987-05-27
713,6,86,20,84,20,16,21,14,6352,69,44,18,145,male,1986-04-06
714,4,38,8,13,8,NULL,NULL,20,3667,0,13,8,35,male,1974-07-01
715,5,250,27,250,27,75,735,25,12670,116,67,96,119,male,1971-10-16
716,1,83,24,69,24,NULL,NULL,11,4326,15,3,7,18,male,1999-07-04
717,2,33,15,33,15,26,235,19,4388,0,29,51,4,male,1986-01-01
718,3,148,27,104,23,61,489,18,1985,3,3,3,0,male,1972-04-22
719,2,28,10,22,10,1,2,6,1250,4,1,14,14,male,1992-05-28
720,2,37,9,30,9,3,27,19,10196,3,47,1,33,male,1990-09-30
721,3,92,23,92,23,5,70,27,6413,134,5,8,35,male,1972-03-14
722,1,81,23,81,23,6,1,24,11215,10,4,7,25,male,1992-07-11
723,1,51,21,43,20,5,52,27,6821,7,7,8,27,male,1978-05-23
724,1,39,6,39,6,NULL,NULL,11,3263,14,0,15,11,male,1980-12-03
725,5,152,23,152,23,NULL,NULL,13,1346,168,0,12,34,male,1969-06-25
726,1,89,27,88,27,NULL,NULL,19,10325,4,1,1,41,male,1987-11-19
727,1,61,22,57,22,5,11,27,4333,0,14,7,5,male,1984-07-14
728,3,49,9,49,9,NULL,NULL,9,3087,4,4,1,4,male,1989-07-02
729,5,29,10,29,10,1,31,18,2045,85,2,49,22,male,2006-05-06
730,2,122,26,120,26,34,284,28,8679,0,106,118,33,male,1992-12-11
731,1,92,11,77,11,NULL,NULL,22,3119,10,1,1,4,male,1994-07-12
732,10,89,19,89,19,53,81,29,975,199,41,40,57,male,1961-01-15
733,3,53,15,53,15,NULL,NULL,10,94,1,0,2,0,male,1980-07-16
734,2,83,16,83,16,1,0,18,6223,17,0,1,32,male,1991-10-14
735,2,26,7,26,7,NULL,NULL,21,1780,1,1,2,2,male,1998-01-30
736,1,33,14,33,14,10,54,23,2724,3,11,1,1,male,1984-12-07
737,4,117,22,114,22,NULL,NULL,25,5291,0,1,1,22,male,1996-12-04
738,1,34,9,15,8,6,95,27,8504,1,0,2,18,male,1984-01-09
739,7,71,18,68,18,3,1,26,3317,53,0,2,57,male,1968-06-29
740,2,112,26,112,26,14,2,22,11843,79,10,6,118,male,1978-08-11
741,4,43,15,43,15,1,7,28,7298,0,1,1,5,male,1981-11-30
742,5,93,19,93,19,18,15,21,2708,3,5,6,15,male,1982-12-20
743,1,46,19,46,19,3,9,29,14460,0,6,7,30,male,1997-09-07
744,1,75,21,66,21,NULL,NULL,7,4016,142,60,69,37,male,2006-11-03
745,2,123,25,123,25,54,1150,25,8440,301,40,131,118,male,1989-08-28
746,1,35,19,32,19,2,3,28,6009,3,8,6,11,male,1987-06-15
747,7,35,14,35,14,NULL,NULL,16,3289,587,0,16,61,male,1989-07-06
748,4,162,24,154,24,NULL,NULL,29,3533,77,3,90,73,male,1981-05-03
749,1,61,16,61,16,1,0,26,9922,13,1,2,38,male,1990-02-02
750,4,220,19,195,19,NULL,NULL,7,890,77,6,6,8,male,1972-02-26
751,3,35,6,16,6,7,41,10,3202,6,3,11,12,male,1996-05-25
752,4,63,10,61,10,NULL,NULL,19,4277,17,1,11,123,male,1976-07-04
753,2,60,10,38,10,9,28,26,5175,17,0,4,137,male,1989-08-07
754,2,89,17,61,17,NULL,NULL,20,34,20,0,4,0,male,1995-08-25
755,1,104,18,74,15,4,3,19,8401,216,20,30,25,male,2001-11-16
756,2,45,11,39,11,1,0,20,2171,4,0,4,4,male,1995-03-21
757,2,85,17,85,17,NULL,NULL,26,6426,14,4,6,204,male,1995-06-13
758,2,55,15,47,15,29,154,30,16746,0,34,58,34,male,1974-06-09
759,5,52,15,52,15,NULL,NULL,27,11998,116,15,14,120,male,1957-04-26
760,1,47,18,41,18,4,32,16,5337,65,2,20,87,male,1985-04-11
761,5,47,17,47,17,2,1,21,4275,7,1,2,2,female,1977-07-10
762,7,137,17,124,17,35,457,27,5927,58,38,55,81,male,1976-04-14
763,1,40,8,39,8,37,166,24,12223,0,18,11,28,male,1973-12-05
764,1,66,13,21,10,7,16,19,5518,4,0,14,53,male,1987-06-15
765,4,87,20,87,20,2,0,15,11246,60,0,1,48,male,1991-08-13
766,6,171,28,171,28,25,21,15,3261,23,13,35,7,male,1986-12-26
767,1,41,11,41,11,1,0,25,10280,28,5,7,7,male,1999-11-03
768,5,120,16,76,16,NULL,NULL,19,3823,9,1,2,29,male,1989-06-27
769,1,36,13,36,13,7,7,20,3944,24,16,13,136,male,1977-02-21
770,3,32,11,24,6,NULL,NULL,6,4294,6,3,3,5,male,1983-09-01
771,1,29,3,15,3,2,1,14,4069,3,0,10,15,male,1991-01-13
772,1,119,26,90,26,NULL,NULL,22,3482,31,22,28,12,male,1998-04-25
773,1,100,22,76,22,NULL,NULL,5,2517,7,4,1,52,male,1974-07-20
774,1,40,8,40,8,NULL,NULL,4,2703,4,0,1,7,male,1990-02-14
775,1,51,11,21,6,12,18,14,4566,68,8,45,24,female,1983-08-31
776,3,67,18,67,18,2,60,,,19,0,1,3,male,1992-04-04
777,3,207,27,207,27,2,0,,,5,0,5,105,female,1980-04-21
778,2,59,20,59,20,NULL,NULL,,,53,0,10,14,male,1986-05-31
779,3,73,23,73,23,NULL,NULL,,,114,33,31,17,male,1958-06-27
780,1,28,13,28,13,3,24,,,301,1,2,26,female,1994-01-07
781,1,29,11,29,11,2,0,,,1,0,11,0,female,1972-02-28
782,3,45,15,43,15,2,2,,,39,0,14,127,male,1980-04-22
783,6,46,11,46,11,NULL,NULL,,,3,0,29,10,male,1966-07-17
784,4,99,26,99,26,9,2,,,18,5,7,33,male,1978-08-12
785,5,26,11,26,11,NULL,NULL,,,4,1,1,0,male,1980-07-07
786,14,262,27,262,27,NULL,NULL,,,1,1,1,9,female,1959-07-11
787,2,40,13,40,13,NULL,NULL,,,295,0,9,6,male,1987-01-15
788,5,29,14,29,14,NULL,NULL,,,12,20,36,12,male,1998-05-04
789,3,42,13,42,13,NULL,NULL,,,6,2,4,1,male,1996-09-20
790,1,53,8,51,8,NULL,NULL,,,43,3,6,10,male,1990-06-14
791,1,69,20,69,20,NULL,NULL,,,89,0,31,53,male,1985-04-21
792,3,61,23,61,23,NULL,NULL,,,142,3,8,4,male,2006-03-19
793,3,52,14,46,14,NULL,NULL,,,95,0,74,28,male,1988-08-24
794,3,128,22,121,22,NULL,NULL,,,87,0,8,10,male,1982-03-17
795,3,134,23,134,23,NULL,NULL,,,17,0,2,54,male,1984-10-12
796,5,43,8,43,8,1,0,,,5,0,1,1,male,1993-01-20
797,1,125,26,125,26,NULL,NULL,,,15,2,22,6,male,2000-01-03
798,1,106,27,106,27,NULL,NULL,,,110,0,3,24,male,1980-05-30
799,1,26,14,26,14,NULL,NULL,,,2,4,1,2,male,1992-03-05
800,5,72,22,33,10,2,1,,,92,0,73,12,male,1976-10-02
801,3,50,21,46,21,NULL,NULL,,,41,2,3,5,male,1996-10-07
802,2,60,20,60,20,NULL,NULL,,,11,0,1,58,male,1946-07-01
803,8,104,20,82,20,NULL,NULL,,,130,0,52,7,male,1974-04-18
804,1,35,15,35,15,NULL,NULL,,,101,0,52,76,male,1988-10-11
805,5,36,17,36,17,NULL,NULL,,,69,0,17,35,male,1988-10-11
806,2,48,12,48,12,9,5,,,8,0,2,3,male,1990-09-03
807,2,33,11,33,11,NULL,NULL,,,1,0,1,1,male,1991-01-05
808,3,109,16,51,10,NULL,NULL,,,8,0,2,3,male,1983-10-27
809,1,157,15,126,15,NULL,NULL,,,3,0,1,4,male,2000-08-29
810,8,107,28,107,28,NULL,NULL,,,140,0,185,58,male,1940-08-15
811,4,115,19,114,19,NULL,NULL,,,22,3,3,4,female,1980-05-13
812,7,231,29,201,28,2,0,,,10,0,6,1,female,1992-01-01
813,2,139,18,82,15,NULL,NULL,,,28,9,15,1,male,1984-12-24
814,1,32,9,32,9,NULL,NULL,,,6,1,3,8,female,1993-10-02
815,4,104,16,102,16,NULL,NULL,,,6,2,2,8,male,1990-05-21
816,9,237,25,223,25,NULL,NULL,,,11,2,3,2,female,1995-09-03
817,8,143,27,130,27,13,66,,,7,0,1,34,male,1982-07-25
818,5,91,24,91,24,NULL,NULL,,,249,77,19,40,male,1972-04-28
819,3,110,27,110,27,5,7,,,4,0,1,2,male,1982-10-25
820,2,209,8,99,7,NULL,NULL,,,6,0,2,3,male,1986-01-14
821,10,337,30,316,30,3,0,,,164,0,13,145,male,1960-02-02
822,8,63,14,61,14,NULL,NULL,,,1,12,20,11,male,1989-07-07
823,2,82,19,82,19,NULL,NULL,,,79,0,3,54,male,1989-07-01
824,1,37,15,37,15,NULL,NULL,,,277,0,2,42,female,1990-08-08
825,7,90,26,90,26,1,0,,,26,0,1,2,male,1960-03-18
826,2,44,13,44,13,NULL,NULL,,,8,0,1,15,male,1991-04-17
827,1,31,9,31,9,1,1,,,6,0,3,5,female,1993-03-05
828,2,98,21,93,21,NULL,NULL,,,32,0,55,27,male,1984-02-18
829,2,170,26,163,26,NULL,NULL,,,2,0,2,5,male,1985-11-06
830,2,36,13,36,13,NULL,NULL,,,17,0,3,60,male,1993-03-29
831,2,44,16,44,16,NULL,NULL,,,31,3,1,94,male,1992-08-26
832,1,197,22,183,22,3,1,,,1,0,2,29,male,1994-12-12
833,2,81,11,38,9,2,0,,,15,35,24,1,male,1987-10-20
834,1,54,4,50,4,NULL,NULL,,,47,0,2,29,male,1990-06-18
835,1,31,5,31,5,NULL,NULL,,,60,0,4,23,male,1997-10-17
836,4,86,11,86,11,NULL,NULL,,,159,4,2,46,male,1991-03-26
837,2,39,2,33,2,NULL,NULL,,,3,2,1,1,male,1983-02-10
838,1,48,2,26,2,NULL,NULL,,,3,0,1,1,male,1986-11-18
839,2,28,11,28,11,NULL,NULL,,,0,1,2,0,male,1995-07-11
840,1,59,8,59,8,NULL,NULL,,,0,1,2,0,male,2001-09-03
841,1,49,18,49,18,13,97,,,0,7,12,0,female,1987-09-27